{
  "Bandar Lengeh": {
    "latc": 26.530817420578,
    "lngc": 54.813116140778
  },
  "Fujairah Intl": {
    "latc": 25.105735807567,
    "lngc": 56.340423943738
  },
  "Lar Airbase": {
  "latc": 27.674804842122,
  "lngc": 54.368317250382
  },
  "Dubai Intl": {
    "latc": 25.248265300858,
    "lngc": 55.379295777402
  },
  "Bandar Abbas Intl": {
    "latc": 27.203638554295,
    "lngc": 56.37035610682
  },
  "Dubai_FARP": {
    "latc": 25.596452483551,
    "lngc": 55.972908374278
  },
  "Abu Dhabi_FARP": {
    "latc": 24.853302841703,
    "lngc": 54.901135429849
  },
  "Al Dhafra AB": {
    "latc": 24.25792911231,
    "lngc": 54.534202504328
  },
  "Iran_FARP": {
    "latc": 27.314002308476,
    "lngc": 55.326943007092
  },
  "Khasab": {
    "latc": 26.179806360704,
    "lngc": 56.24317158197
  }
}

