{
  "Batumi": {
    "lat1": 41.59687897449084,
    "lat2": 41.62282934176421,
    "lng1": 41.58176701846196,
    "lng2": 41.62036918520812
  },
  "Kobuleti": {
    "lat1": 41.91904409957418,
    "lat2": 41.945199647916986,
    "lng1": 41.84294980349614,
    "lng2": 41.88477062106017
  },
  "Kutaisi": {
    "lat1": 42.164119257187515,
    "lat2": 42.18923607925327,
    "lng1": 42.461274083281296,
    "lng2": 42.50481151461486
  }
}
