{
  "Batumi": {
    "lat1": 41.59686292770675,
    "lat2": 41.623214308500614,
    "lng1": 41.582153256560105,
    "lng2": 41.619510878323354
  },
  "Kobuleti": {
    "lat1": 41.92258854840492,
    "lat2": 41.939836901591,
    "lng1": 41.84140485110356,
    "lng2": 41.88532852053527
  },
  "Kutaisi": {
    "lat1": 42.16839754819557,
    "lat2": 42.18726461595267,
    "lng1": 42.45938580813481,
    "lng2": 42.50369571566466
  },
  "Senaki-Kolkhi": {
    "lat1": 42.234014735291076,
    "lat2": 42.25877028085459,
    "lng1": 42.02122014346196,
    "lng2": 42.06956409335021
  },
  "Sukhumi-Babushara": {
    "lat1": 42.84648891153208,
    "lat2": 42.88163265161509,
    "lng1": 41.09656613650395,
    "lng2": 41.15435146212462
  },
  "Gudauta": {
    "lat1": 43.096251263241896,
    "lat2": 43.131377805999996,
    "lng1": 40.544159825468796,
    "lng2": 40.588984717129506
  },
  "Sochi-Adler": {
    "lat1": 43.430141168149234,
    "lat2": 43.46264595559241,
    "lng1": 39.91853993716313,
    "lng2": 39.96782802462462
  },
  "Gelendzhik": {
    "lat1": 44.564239295048246,
    "lat2": 44.586898996733524,
    "lng1": 37.99374383273198,
    "lng2": 38.02603744387511
  },
  "Novorossiysk": {
    "lat1": 44.65946551029406,
    "lat2": 44.682667837390085,
    "lng1": 37.75831025424077,
    "lng2": 37.797212828396596
  },
  "Anapa-Vityazevo": {
    "lat1": 44.98805242271466,
    "lat2": 45.025168474012446,
    "lng1": 37.31726926150395,
    "lng2": 37.38016151308898
  },
  "Krymsk": {
    "lat1": 44.952013207212524,
    "lat2": 44.98384084078458,
    "lng1": 37.97593396487309,
    "lng2": 38.01552318453673
  },
  "Krasnodar-Center": {
    "lat1": 45.05942632297005,
    "lat2": 45.10691649870402,
    "lng1": 38.91037267031743,
    "lng2": 38.97296451449279
  },
  "Krasnodar-Pashkovsky": {
    "lat1": 45.02273432643317,
    "lat2": 45.060979827631286,
    "lng1": 39.12331860842778,
    "lng2": 39.21663783907775
  },
  "Maykop-Khanskaya": {
    "lat1": 44.66373893010214,
    "lat2": 44.69795300088948,
    "lng1": 40.010121281767624,
    "lng2": 40.057177771328725
  },
  "Mineralnye-Vody": {
    "lat1": 44.206173499676396,
    "lat2": 44.248034996864774,
    "lng1": 43.045351918364304,
    "lng2": 43.11249278902892
  },
  "Nalchik": {
    "lat1": 43.50448793968717,
    "lat2": 43.52640533341203,
    "lng1": 43.61672681155278,
    "lng2": 43.65897678255919
  },
  "Mozdok": {
    "lat1": 43.770536105643764,
    "lat2": 43.80524233902007,
    "lng1": 44.56631463351323,
    "lng2": 44.63126682162169
  },
  "Beslan": {
    "lat1": 43.191129006853785,
    "lat2": 43.22282375127587,
    "lng1": 44.57511227908208,
    "lng2": 44.635215033291615
  },
  "Vaziani": {
    "lat1": 41.61521784035104,
    "lat2": 41.64541016910355,
    "lng1": 45.00821393313481,
    "lng2": 45.04831813692931
  }
}
